inventory_id,set_num,quantity
35,75911-1,1
35,75912-1,1
39,75048-1,1
39,75053-1,1
50,4515-1,1
50,4520-1,2
50,4531-1,1
71,7690-1,1
71,7691-1,1
71,7692-1,1
71,7693-1,1
71,7694-1,1
71,7695-1,1
71,7697-1,1
81,8451-1,1
81,8453-1,1
87,10233-1,1
87,88002-1,1
87,8870-1,1
87,8878-1,1
87,8879-1,1
87,8884-1,1
87,8887-1,1
104,4103-1,1
104,4782-1,1
122,7238-1,1
122,7890-1,1
122,7944-1,1
131,7634-1,1
131,7635-1,1
131,7684-1,1
251,3886-2,1
309,4515-1,7
309,4520-1,5
309,4531-1,3
311,8593-1,1
311,8596-1,1
398,71010-1,1
398,71010-10,1
398,71010-11,1
398,71010-12,1
398,71010-13,1
398,71010-14,1
398,71010-15,1
398,71010-16,1
398,71010-2,1
398,71010-3,1
398,71010-4,1
398,71010-5,1
398,71010-6,1
398,71010-7,1
398,71010-8,1
398,71010-9,1
473,8756-1,1
473,8762-1,1
500,9677-1,1
500,9678-1,1
500,9679-1,1
515,3741-1,1
515,3745-1,1
525,7121-1,1
525,7151-1,1
528,6604-1,1
528,6622-1,1
528,6633-1,1
561,4515-1,1
561,4520-1,2
580,3402-1,2
580,3403-1,1
580,3406-1,1
580,3408-1,1
580,3409-1,1
612,4500-1,1
612,4504-1,1
614,9441-1,1
614,9442-1,1
614,9591-1,1
695,8607-1,1
695,8611-1,1
695,8614-1,1
695,8616-1,1
695,8618-1,1
708,4180878,1
708,8560-1,1
708,8564-1,1
710,8602-1,1
710,8606-1,1
710,8614-1,1
710,8615-1,1
710,8616-1,1
758,6712-1,1
758,6716-1,1
758,6755-1,1
889,9490-1,1
889,9492-1,1
889,9496-1,1
908,7030-1,1
908,7031-1,1
908,7032-1,1
908,7033-1,1
908,7034-1,1
908,7035-1,1
909,1557-1,1
909,1558-1,1
916,76029-1,1
916,76030-1,1
916,76031-1,1
916,76032-1,1
916,76038-1,1
916,76041-1,1
920,9674-1,1
920,9675-1,1
920,9676-1,1
962,7990-1,1
962,7991-1,1
962,7993-1,1
973,8870-1,1
973,8878-1,1
973,8879-1,1
973,8882-1,1
973,8884-1,1
973,8887-1,1
994,4096-1,1
994,4100-1,1
1130,20203-1,1
1130,20204-1,1
1130,20205-1,1
1131,8762-1,1
1131,8763-1,1
1159,71000-1,1
1159,71000-10,1
1159,71000-11,1
1159,71000-12,1
1159,71000-13,1
1159,71000-14,1
1159,71000-15,1
1159,71000-16,1
1159,71000-2,1
1159,71000-3,1
1159,71000-4,1
1159,71000-5,1
1159,71000-6,1
1159,71000-7,1
1159,71000-8,1
1159,71000-9,1
1203,5928-1,1
1203,5938-1,1
1203,5988-1,1
1205,7239-1,1
1205,7733-1,1
1238,6800-1,1
1238,6818-1,1
1238,6836-1,1
1255,8621-1,1
1255,8622-1,1
1255,8623-1,1
1268,6837-1,1
1268,6905-1,1
1269,8615-1,1
1269,8617-1,1
1269,8619-1,1
1289,8593-1,1
1289,8596-1,1
1315,3740-1,1
1315,3746-1,1
1317,3740-1,1
1317,3742-1,1
1317,3745-1,1
1323,6239-1,1
1323,6240-1,1
1323,6241-1,1
1323,6242-1,1
1323,6243-1,1
1323,8396-1,1
1323,8397-1,1
1334,850842-1,1
1334,850849-1,1
1334,850850-1,1
1334,850851-1,1
1334,850949-1,1
1334,850950-1,1
1347,8202-1,2
1347,8213-1,1
1347,8226-1,1
1347,8248-1,1
1371,6611-1,1
1371,6623-1,1
1371,6624-1,1
1373,1294-1,1
1373,1295-1,1
1373,1296-1,1
1373,1297-1,1
1401,7235-1,1
1401,7236-1,1
1401,7238-1,1
1401,7241-1,1
1418,5613-1,1
1418,7239-1,1
1418,7241-1,1
1418,7906-1,1
1418,7942-1,1
1418,7944-1,1
1418,7945-1,1
1421,7869-1,1
1421,7913-1,1
1421,7914-1,1
1438,8148-1,1
1438,8149-1,1
1438,8150-1,1
1438,8151-1,1
1621,8573-1,1
1621,8574-1,1
1634,4709-1,1
1634,4729-1,1
1634,4730-1,1
1645,1958-1,1
1645,1959-1,1
1645,1969-1,1
1645,1970-1,1
1645,1971-1,1
1649,4436-1,1
1649,4437-1,1
1680,8358-1,1
1680,8359-1,1
1680,8360-1,1
1716,1517-1,1
1716,1518-1,1
1726,4200-1,1
1726,4201-1,1
1726,4202-1,1
1726,4203-1,1
1726,4204-1,1
1732,7213-1,1
1732,7241-1,1
1732,7942-1,1
1739,6807-1,1
1739,6822-1,1
1739,6823-1,1
1765,4600-1,1
1765,4604-1,1
1765,4606-1,1
1765,4609-1,1
1791,7418-1,1
1795,8560-1,1
1795,8561-1,1
1795,8562-1,1
1795,8563-1,1
1795,8564-1,1
1795,8565-1,1
1795,8569-1,2
1888,4886-1,1
1888,7280-1,1
1888,7281-1,1
1936,3350-1,1
1936,3351-1,1
1947,4679a-1,1
1947,4679b-1,1
1988,5099-1,1
1988,5107-1,1
1988,5108-1,1
1988,5109-1,1
1989,8827-1,1
1989,8827-10,1
1989,8827-11,1
1989,8827-12,1
1989,8827-13,1
1989,8827-14,1
1989,8827-15,1
1989,8827-16,1
1989,8827-2,1
1989,8827-3,1
1989,8827-4,1
1989,8827-5,1
1989,8827-6,1
1989,8827-7,1
1989,8827-8,1
1989,8827-9,1
2009,8354-1,1
2009,8355-1,1
2054,3741-1,1
2054,3742-1,1
2054,3743-1,1
2103,7895-1,3
2103,7896-1,3
2114,9700-1,1
2114,9750-1,1
2114,9767-1,1
2216,6016-1,1
2216,6041-1,1
2239,1374-1,1
2239,1376-1,1
2239,4850-1,1
2239,4851-1,1
2239,4852-1,1
2258,8916-1,1
2258,8917-1,1
2258,8918-1,1
2258,8919-1,1
2258,8920-1,1
2258,8921-1,1
2270,3740-1,1
2270,3742-1,1
2270,3744-1,1
2364,8130-1,1
2364,8131-1,1
2364,8132-1,1
2364,8133-1,1
2382,10127-1,2
2382,3544-1,1
2427,8587-1,1
2427,8588-1,1
2427,8589-1,1
2427,8590-1,1
2427,8591-1,1
2427,8592-1,1
2445,8512-1,1
2445,8514-1,1
2456,3800-1,1
2456,3801-1,1
2456,3804-1,1
2474,5816-1,1
2474,5817-1,1
2474,5818-1,1
2481,4853-1,1
2481,4857-1,1
2488,10131-1,1
2488,4502-1,1
2488,4504-1,1
2514,4443-1,1
2514,4444-1,1
2514,4445-1,1
2514,4446-1,1
2514,4447-1,1
2514,4448-1,1
2514,4449-1,1
2514,4450-1,1
2514,4451-1,1
2514,4452-1,1
2514,4453-1,1
2514,4454-1,1
2514,4455-1,1
2514,4456-1,1
2514,4457-1,1
2514,4458-1,1
2514,4459-1,1
2514,4460-1,1
2514,4461-1,1
2514,4462-1,1
2514,4463-1,1
2514,4464-1,1
2514,4465-1,1
2514,4466-1,1
2514,4467-1,1
2514,4468-1,1
2514,4469-1,1
2514,4470-1,1
2514,4471-1,1
2514,4472-1,1
2544,41548-1,1
2544,41549-1,1
2544,41550-1,1
2559,7235-2,1
2559,7236-2,1
2559,7245-2,1
2559,7741-1,1
2577,4695-1,1
2577,4755-1,1
2636,7009-1,1
2636,7029-1,1
2636,7090-1,1
2636,7091-1,1
2636,7092-1,1
2636,7093-1,1
2636,7094-1,1
2643,4208-1,1
2643,4209-1,1
2643,4427-1,1
2648,7741-1,1
2648,7743-1,1
2648,7744-1,1
2677,4512-1,1
2677,4514-1,1
2723,7245-2,1
2723,7741-1,1
2725,60041-1,1
2725,60042-1,1
2725,60046-1,1
2738,4511-1,1
2738,4513-1,1
2793,8585-1,1
2793,8586-1,1
2814,2995-1,1
2814,2996-1,1
2836,6604-1,1
2836,6621-1,1
2836,6630-1,1
2849,6325-1,1
2849,6328-1,1
2849,6422-1,1
2849,6486-1,1
2849,6564-1,1
2849,6565-1,1
2892,8984-1,1
2892,8985-1,1
2892,8986-1,1
2892,8987-1,1
2892,8988-1,1
2892,8989-1,1
2898,3070-1,1
2898,3071-1,1
2898,3072-1,1
2898,3073-1,1
2915,4705-1,1
2915,4709-1,1
2915,4730-1,1
2916,6801-1,1
2916,6822-1,1
2916,6823-1,1
2943,4484-1,1
2943,4485-1,1
2943,4486-1,1
2943,4487-1,1
2948,1431-1,1
2948,1432-1,1
2948,1433-1,1
2948,1434-1,1
2989,20201-1,1
2989,20202-1,1
3044,2065-1,1
3044,2067-1,1
3053,7242-1,1
3053,7246-1,1
3053,7248-1,1
3092,6008-1,1
3092,6027-1,1
3092,6037-1,1
3109,7238-1,1
3109,7239-1,1
3109,7240-1,1
3109,7241-1,1
3110,9497-1,1
3110,9500-1,1
3152,8509-1,1
3152,8511-1,1
3152,8512-1,1
3152,8513-1,1
3152,8514-1,1
3260,3740-1,1
3260,3744-1,1
3271,71007-1,1
3271,71007-10,1
3271,71007-11,1
3271,71007-12,1
3271,71007-13,1
3271,71007-14,1
3271,71007-15,1
3271,71007-16,1
3271,71007-2,1
3271,71007-3,1
3271,71007-4,1
3271,71007-5,1
3271,71007-6,1
3271,71007-7,1
3271,71007-8,1
3271,71007-9,1
3284,8562-1,1
3284,8564-1,1
3284,8565-1,1
3292,8573-1,1
3292,8574-1,1
3292,8575-1,1
3292,8576-1,1
3292,8577-1,1
3292,8578-1,1
3309,8831-0,60
3313,7242-1,1
3313,7243-1,1
3313,7248-1,1
3313,7249-1,1
3339,7245-2,1
3339,7732-1,1
3339,8401-1,1
3343,8601-1,1
3343,8603-1,1
3344,9461-1,1
3344,9462-1,1
3344,9463-1,1
3344,9464-1,1
3344,9466-1,1
3344,9467-1,1
3344,9468-1,1
3351,8909-1,1
3351,8909-2,1
3351,8909-3,1
3351,8909-4,1
3351,8909-5,1
3351,8909-6,1
3351,8909-7,1
3351,8909-8,1
3351,8909-9,1
3365,fruit1-1,1
3365,fruit2-1,1
3365,fruit3-1,1
3365,fruit4-1,1
3365,fruit5-1,1
3365,fruit6-1,1
3365,fruit7-1,1
3365,fruit8-1,1
3367,1413-1,1
3367,1414-1,1
3367,1415-1,1
3367,1416-1,1
3392,8909-0,60
3422,3404-1,1
3435,8672-1,1
3435,8673-1,1
3467,3340-1,1
3467,3341-1,1
3467,3342-1,1
3467,3343-1,1
3550,8381-1,1
3550,8382-1,1
3574,WEETABIX2-1,1
3574,WEETABIX3-1,1
3574,WEETABIX4-1,1
3586,8566-1,1
3586,8567-1,1
3586,8568-1,1
3586,8570-1,1
3586,8571-1,1
3586,8572-1,1
3621,70410-1,1
3621,70412-1,1
3690,7957-1,1
3690,7961-1,1
3691,9440-1,1
3691,9441-1,1
3691,9444-1,1
3694,3741-1,1
3694,3742-1,1
3694,3747-1,1
3699,8772-1,1
3699,8774-1,1
3705,3804-1,1
3705,9738-1,1
3705,9916-1,1
3748,2584-1,1
3755,1528-1,1
3755,1572-1,1
3764,7207-1,1
3764,7213-1,1
3764,7241-1,1
3764,7942-1,1
3792,7121-1,1
3792,7161-1,1
3941,75000-1,1
3941,75003-1,1
3941,75014-1,1
3963,8736-1,1
3963,8737-1,1
3963,8738-1,1
3963,8739-1,1
3963,8740-1,1
3963,8741-1,1
3989,8587-1,1
3989,8591-1,1
4041,41551-1,1
4041,41552-1,1
4041,41553-1,1
4083,7142-1,1
4083,7152-1,1
4133,8804-0,60
4187,7890-1,1
4187,7892-1,1
4187,7902-1,1
4187,7903-1,1
4261,7238-1,1
4261,7239-1,2
4261,7942-1,1
4261,7944-1,1
4261,7945-1,1
4288,60004-1,1
4288,850618-1,1
4365,4335-1,1
4365,4346-1,1
4365,4347-1,1
4365,4348-1,1
4365,4349-1,1
4394,1974-2,1
4394,1974-3,1
4394,1974-4,1
4430,7235-1,1
4430,7236-1,1
4430,7238-1,1
4430,7241-1,1
4467,6824-1,1
4467,886-1,1
4467,889-1,1
4536,1421-1,1
4536,1422-1,1
4536,1423-1,1
4536,1424-1,1
4553,8978-1,1
4553,8979-1,1
4553,8980-1,1
4553,8981-1,1
4553,8982-1,1
4553,8983-1,1
4570,4210-1,1
4570,7736-1,1
4570,7737-1,1
4570,7738-1,1
4577,8727-1,1
4577,8728-1,1
4643,6407-1,1
4643,6554-1,1
4643,6564-1,1
4666,71008-0,60
4718,10081-1,1
4718,10082-1,1
4718,10083-1,1
4719,6900-1,1
4721,4679a-2,1
4721,4679b-2,1
4739,2143-1,1
4739,2145-1,1
4771,7630-1,1
4771,7633-1,1
4771,7990-1,1
4806,3740-1,1
4806,3745-1,1
4832,8782-1,1
4832,8786-1,1
4863,5515-1,1
4863,5537-1,1
4874,8581-1,1
4874,8582-1,1
4874,8583-1,1
4874,8584-1,1
4874,8585-1,1
4874,8586-1,1
4918,8779-1,1
4941,75037-1,1
4941,75038-1,1
4941,75045-1,1
4948,8509-1,1
4948,8510-1,1
4969,7043-1,1
4969,7238-1,1
4969,7239-1,1
4969,7240-1,1
4969,7241-1,1
4971,41044-1,1
4971,41045-1,1
4971,41046-1,1
4987,8684-1,1
4987,8684-10,1
4987,8684-11,1
4987,8684-12,1
4987,8684-13,1
4987,8684-14,1
4987,8684-15,1
4987,8684-16,1
4987,8684-2,1
4987,8684-3,1
4987,8684-4,1
4987,8684-5,1
4987,8684-6,1
4987,8684-7,1
4987,8684-8,1
4987,8684-9,1
4993,6814-1,1
4993,6879-1,1
4993,6898-1,1
5039,7422-1,1
5039,7423-1,1
5039,7424-1,1
5093,6271-1,1
5097,1794-1,1
5097,1795-1,1
5110,5610-1,1
5110,5612-1,1
5110,5613-1,1
5110,7236-1,1
5110,7630-1,1
5110,7942-1,1
5114,7690-1,1
5114,7691-1,1
5114,7692-1,1
5114,7693-1,1
5114,7694-1,1
5114,7695-1,1
5114,7697-1,1
5114,7699-1,1
5133,71004-1,1
5133,71004-10,1
5133,71004-11,1
5133,71004-12,1
5133,71004-13,1
5133,71004-14,1
5133,71004-15,1
5133,71004-16,1
5133,71004-2,1
5133,71004-3,1
5133,71004-4,1
5133,71004-5,1
5133,71004-6,1
5133,71004-7,1
5133,71004-8,1
5133,71004-9,1
5137,8614-1,1
5137,8615-1,1
5137,8616-1,1
5137,8617-1,1
5137,8618-1,1
5137,8619-1,1
5183,8910-1,1
5183,8911-1,1
5183,8912-1,1
5183,8913-1,1
5183,8914-1,1
5183,8915-1,1
5195,3740-1,1
5195,3742-1,1
5195,3743-1,1
5217,2854-1,1
5217,8202-1,1
5248,8100-1,1
5248,8101-1,1
5248,8102-1,1
5248,8103-1,1
5248,8104-1,1
5248,8105-1,1
5358,10158-1,2
5358,4511-1,1
5358,4515-2,1
5366,71001-1,1
5366,71001-10,1
5366,71001-11,1
5366,71001-12,1
5366,71001-13,1
5366,71001-14,1
5366,71001-15,1
5366,71001-16,1
5366,71001-19,1
5366,71001-2,1
5366,71001-3,1
5366,71001-4,1
5366,71001-5,1
5366,71001-6,1
5366,71001-7,1
5366,71001-8,1
5366,71001-9,1
5386,8831-1,1
5386,8831-10,1
5386,8831-11,1
5386,8831-12,1
5386,8831-13,1
5386,8831-14,1
5386,8831-15,1
5386,8831-16,1
5386,8831-2,1
5386,8831-3,1
5386,8831-4,1
5386,8831-5,1
5386,8831-6,1
5386,8831-7,1
5386,8831-8,1
5386,8831-9,1
5404,7958-1,1
5432,7410-1,1
5432,7411-1,1
5432,7414-1,1
5432,7418-1,1
5491,4512-1,1
5491,4514-1,1
5491,4515-2,1
5491,4520-2,1
5500,7308-1,1
5500,7309-1,1
5500,7311-1,1
5553,8803-0,60
5554,8804-1,1
5554,8804-10,1
5554,8804-11,1
5554,8804-12,1
5554,8804-13,1
5554,8804-14,1
5554,8804-15,1
5554,8804-16,1
5554,8804-2,1
5554,8804-3,1
5554,8804-4,1
5554,8804-5,1
5554,8804-6,1
5554,8804-7,1
5554,8804-8,1
5554,8804-9,1
5595,3344-1,1
5595,3345-1,1
5595,3346-1,1
5600,75899-1,1
5600,75908-1,1
5600,75909-1,1
5600,75910-1,1
5645,8742-1,1
5645,8743-1,1
5645,8744-1,1
5645,8745-1,1
5645,8746-1,1
5645,8747-1,1
5675,1196-1,1
5675,1197-1,1
5675,1198-1,1
5675,1199-1,1
5740,8380-1,1
5740,8384-1,1
5839,5529-2,1
5839,5573-2,1
5855,7509-1,1
5857,7208-1,1
5857,7239-1,1
5857,7241-1,1
5857,7942-1,1
5904,3177-1,1
5904,3179-1,1
5904,8401-1,1
5904,8402-1,1
5955,10049-1,1
5955,10072-1,1
5955,10074-1,1
5955,10076-1,1
5955,3804-1,1
5955,5225-1,1
5955,9738-1,1
5955,9916-1,1
5970,8929-1,1
5970,8930-1,1
5970,8931-1,1
5970,8932-1,1
5990,8106-1,1
5990,8107-1,1
5990,8108-1,1
6034,7514-1,1
6050,10132-1,1
6050,4515-2,1
6050,4520-2,1
6066,4431-1,1
6066,4432-1,1
6066,4433-1,1
6066,4435-1,1
6093,1547-1,1
6093,1596-1,1
6093,1624-1,1
6117,8645-1,1
6117,8646-1,1
6181,8008-1,1
6181,8010-1,1
6194,8688-1,1
6194,8689-1,1
6194,8941-1,1
6194,8942-1,1
6205,7741-1,1
6205,7890-1,1
6205,7942-1,1
6241,9798-1,1
6241,9833-2,1
6253,1278-1,1
6253,1279-1,1
6253,1280-1,1
6253,1281-1,1
6276,8047-1,1
6276,8065-1,1
6276,8067-1,1
6276,8069-1,1
6282,7238-1,1
6282,7906-1,1
6282,7942-1,1
6282,7944-1,1
6282,7945-1,1
6296,7236-2,1
6296,7741-1,1
6296,7942-1,1
6319,2063-1,1
6319,2065-1,1
6319,2067-1,1
6319,2068-1,1
6319,2141-1,1
6319,2142-1,1
6330,4515-1,3
6330,4520-1,2
6330,4531-1,2
6331,8721-1,1
6331,8722-1,1
6331,8723-1,1
6331,8724-1,1
6331,8725-1,1
6331,8726-1,1
6336,851097,1
6336,8758-1,1
6371,4479-1,1
6371,7146-1,1
6416,20206-1,1
6416,20207-1,1
6416,20208-1,1
6423,8560-1,1
6423,8561-1,1
6423,8564-1,1
6424,8380-1,1
6424,8383-1,1
6424,8384-1,1
6424,8385-1,1
6426,8801-1,1
6426,8802-1,1
6447,8925-1,1
6447,8926-1,1
6447,8927-1,1
6453,3066-1,1
6453,3067-1,1
6453,3068-1,1
6453,3069-1,1
6486,8791-1,1
6486,8795-1,1
6514,7413-1,1
6514,7416-1,1
6514,7419-1,1
6514,7420-1,1
6530,4436-1,1
6530,4437-1,1
6530,4439-1,1
6530,4441-1,1
6544,4721-1,1
6544,4726-1,1
6544,4727-1,1
6544,4731-1,1
6544,4735-1,1
6544,626-1,2
6572,7115-1,1
6572,7124-1,1
6572,7141-1,1
6733,5612-1,1
6733,7245-1,1
6733,7741-1,1
6733,7743-1,1
6733,7744-1,1
6791,70168-1,1
6791,70170-1,1
6795,7913-1,1
6795,7914-1,1
6795,8085-1,1
6839,7235-2,1
6839,7245-2,1
6839,7743-1,1
6848,4169306a-1,1
6848,4169306b-1,1
6848,4169306c-1,1
6871,41527-1,1
6871,41528-1,1
6871,41529-1,1
6871,41530-1,1
6871,41531-1,1
6871,41532-1,1
6871,41533-1,1
6871,41534-1,1
6871,41535-1,1
6877,7313-1,1
6877,7314-1,1
6877,7315-1,1
6877,7317-1,1
6990,5859-1,1
6990,5861-1,1
6990,5862-1,1
7051,3390-1,1
7142,3409-1,1
7151,3177-1,1
7151,7241-1,1
7151,7634-1,1
7151,7638-1,1
7187,3535-1,1
7187,3536-1,1
7187,3538-1,1
7201,7508-1,1
7209,7153-1,1
7261,4701-1,1
7261,4702-1,1
7261,4704-1,1
7261,4705-1,1
7261,4706-1,1
7261,4709-1,1
7261,4711-1,1
7277,41530-1,1
7277,41531-1,1
7277,41532-1,1
7278,9614-1,12
7286,7422-1,1
7286,7423-1,1
7286,7424-1,1
7348,3061-1,1
7348,3183-1,1
7348,3934-1,1
7348,3936-1,1
7391,10194-1,1
7391,8867-1,1
7391,8870-1,1
7391,8878-1,1
7391,8879-1,1
7391,8882-1,1
7391,8884-1,1
7391,8887-1,1
7430,2155-1,1
7430,2156-1,1
7430,2157-1,1
7430,2158-1,1
7474,10000-1,1
7474,10039-1,1
7474,3739-1,1
7478,8509-1,1
7478,8510-1,1
7482,4484-1,1
7482,4485-1,1
7482,4486-1,1
7482,4487-1,1
7487,3741-1,1
7487,3742-1,1
7487,3745-1,1
7516,3741-1,1
7516,3746-1,1
7524,7200-1,1
7524,7201-1,1
7524,7203-1,1
7524,7204-1,1
7562,9496-1,1
7562,9516-1,1
7618,8102-1,1
7618,8104-1,1
7670,8601-1,1
7670,8607-1,1
7703,7000-1,1
7703,7001-1,1
7703,7002-1,1
7703,7003-1,1
7707,8587-1,1
7707,8588-1,1
7709,8560-1,1
7709,8561-1,1
7709,8563-1,1
7743,6851-1,1
7743,6861-2,1
7743,6878-1,1
7743,6887-1,1
7745,3187-1,1
7745,3934-1,1
7745,3935-1,1
7766,5620-1,1
7766,7632-1,1
7766,7746-1,1
7766,7990-1,1
7766,8401-1,1
7774,6578-1,1
7774,6586-1,1
7805,70126-1,1
7805,70128-1,1
7805,70129-1,1
7805,70130-1,1
7805,70131-1,1
7874,3431-1,1
7902,1428-1,1
7902,1429-1,1
7902,1430-1,1
7929,8684-0,60
7933,3347-1,1
7933,3348-1,1
7933,3349-1,1
7944,7279-1,1
7944,7285-1,1
7944,7286-1,1
7944,7288-1,1
7944,7741-1,1
7971,1858-1,1
7971,6829-1,1
7971,6836-1,1
8019,7075-1,1
8019,7099-1,1
8025,8563-1,1
8025,8564-1,1
8025,8565-1,1
8071,5920-1,1
8071,5934-1,1
8071,5935-1,1
8091,8603-1,1
8091,8605-1,1
8091,8613-1,1
8159,79015-1,1
8159,79016-1,1
8159,79017-1,1
8159,79018-1,1
8202,10041-1,1
8202,1252-1,1
8202,1254-1,1
8202,1255-1,1
8216,4492-1,1
8216,4494-1,1
8216,7255-1,1
8222,5573-2,1
8222,5576-1,1
8226,6290-1,1
8226,6291-1,1
8226,6292-1,1
8285,4488-1,1
8285,4489-1,1
8285,4490-1,1
8285,4491-1,1
8312,8581-1,1
8312,8582-1,1
8331,8770-1,1
8331,8771-1,1
8334,9616-1,12
8398,7235-2,1
8398,7279-1,1
8398,7285-1,1
8398,7498-1,1
8401,7749-1,1
8401,8083-1,1
8401,8084-1,1
8425,1282-1,1
8425,1283-1,1
8425,1284-1,1
8425,1285-1,1
8440,1887-1,1
8440,1888-1,1
8440,1889-1,1
8440,1890-1,1
8465,8876-1,1
8471,8607-1,1
8471,8608-1,1
8471,8609-1,1
8471,8610-1,1
8471,8611-1,1
8471,8612-1,1
8491,70000-1,1
8491,70001-1,1
8491,70003-1,1
8501,8601-1,1
8501,8604-1,1
8501,8605-1,1
8558,3741-1,1
8558,3742-1,1
8558,3744-1,1
8585,8293-1,1
8585,9392-1,1
8585,9395-1,1
8617,9610-1,12
8646,4526-1,1
8646,4527-1,1
8646,4528-1,1
8734,71009-1,1
8734,71009-10,1
8734,71009-11,1
8734,71009-12,1
8734,71009-13,1
8734,71009-14,1
8734,71009-15,1
8734,71009-16,1
8734,71009-2,1
8734,71009-3,1
8734,71009-4,1
8734,71009-5,1
8734,71009-6,1
8734,71009-7,1
8734,71009-8,1
8734,71009-9,1
8749,8511-1,1
8749,8513-1,1
8759,8014-1,1
8759,8015-1,1
8759,8091-1,1
8782,71005-0,60
8837,3740-1,1
8837,3742-1,1
8837,3746-1,1
8871,8900-1,1
8871,8902-1,1
8871,8905-1,1
8885,4346-1,1
8885,4347-1,1
8885,4348-1,1
8885,4349-1,1
8909,8587-1,1
8909,8590-1,1
8909,8591-1,1
8918,1062-1,1
8918,1064-1,1
8918,k1062b,1
8918,pk1062,1
8950,6605-1,1
8950,6621-1,1
8950,6628-1,1
8980,8772-1,1
8980,8783-1,1
8997,10173-1,1
8997,4548-1,1
9033,71008-1,1
9033,71008-10,1
9033,71008-11,1
9033,71008-12,1
9033,71008-13,1
9033,71008-14,1
9033,71008-15,1
9033,71008-16,1
9033,71008-2,1
9033,71008-3,1
9033,71008-4,1
9033,71008-5,1
9033,71008-6,1
9033,71008-7,1
9033,71008-8,1
9033,71008-9,1
9094,8566-1,1
9094,8567-1,1
9123,5856-1,1
9123,5857-1,1
9123,5858-1,1
9132,1290-1,1
9132,1291-1,1
9132,1292-1,1
9132,1293-1,1
9149,7104-1,1
9149,7144-1,1
9178,7236-1,1
9178,7238-1,1
9178,7890-1,1
9178,7944-1,1
9210,6503-1,1
9210,6643-1,1
9253,9249-1,1
9253,9251-1,1
9283,9488-1,1
9283,9489-1,1
9283,9495-1,1
9329,60000-1,1
9329,60001-1,1
9329,60002-1,1
9381,8783-1,1
9381,8786-1,1
9386,41533-1,1
9386,41534-1,1
9386,41535-1,1
9406,7499-1,1
9406,7895-1,1
9406,7937-1,1
9406,7939-1,1
9412,7103-1,1
9412,7113-1,1
9426,7638-1,1
9426,7641-1,1
9426,7642-1,1
9426,7686-1,1
9426,8402-1,1
9443,7602-1,1
9443,7604-1,1
9443,7606-1,1
9443,7609-1,1
9443,7610-1,1
9443,7871-1,1
9443,7872-1,1
9443,7873-1,1
9443,7875-1,1
9471,7124-1,1
9471,7190-1,1
9471,7200-1,1
9502,7891-1,1
9502,7894-1,1
9502,7901-1,1
9502,7903-1,1
9540,3219-1,1
9540,4492-1,1
9540,4493-1,1
9540,4494-1,1
9540,4495-1,1
9620,8587-1,1
9620,8590-1,1
9620,8591-1,1
9624,71010-0,60
9657,1843-2,1
9657,1843-3,1
9665,8206-1,1
9665,8426-1,1
9665,8487-1,1
9678,8610-1,1
9678,8612-1,1
9678,8615-1,1
9678,8617-1,1
9678,8619-1,1
9691,6282-1,1
9691,6283-1,1
9700,8709-1,1
9700,8958-1,1
9700,8959-1,1
9708,6212-1,1
9708,66254-1,1
9709,2259-1,1
9709,2260-1,1
9709,2506-1,1
9728,3740-1,1
9728,3743-1,1
9730,20203-1,1
9730,20204-1,1
9730,20205-1,1
9749,5994-1,1
9749,5999-1,1
9750,10075-1,1
9750,1374-1,1
9750,1376-1,1
9765,71004-0,60
9830,4097-1,1
9830,4099-1,1
9904,20004-1,1
9905,8833-1,1
9905,8833-10,1
9905,8833-11,1
9905,8833-12,1
9905,8833-13,1
9905,8833-14,1
9905,8833-15,1
9905,8833-16,1
9905,8833-2,1
9905,8833-3,1
9905,8833-4,1
9905,8833-5,1
9905,8833-6,1
9905,8833-7,1
9905,8833-8,1
9905,8833-9,1
9925,3748-1,1
9925,4548-1,1
9925,5300-1,1
9943,4865-1,1
9943,4866-1,1
9943,4867-1,1
9955,4182-1,1
9955,4183-1,1
9960,71005-1,1
9960,71005-10,1
9960,71005-11,1
9960,71005-12,1
9960,71005-13,1
9960,71005-14,1
9960,71005-15,1
9960,71005-16,1
9960,71005-2,1
9960,71005-3,1
9960,71005-4,1
9960,71005-5,1
9960,71005-6,1
9960,71005-7,1
9960,71005-8,1
9960,71005-9,1
9991,9612-1,12
10014,8511-1,1
10014,8513-1,1
10028,7235-2,1
10028,7236-2,1
10028,7741-1,1
10028,7890-1,1
10028,7942-1,1
10028,7945-1,1
10043,7242-1,1
10043,7733-1,1
10043,7990-1,1
10043,7991-1,1
10052,71001-0,60
10089,4056-1,1
10089,4057-1,1
10089,4058-1,1
10089,4059-1,1
10089,4060-1,1
10089,4061-1,1
10089,4062-1,1
10089,4063-1,1
10089,4064-1,1
10089,4065-1,1
10089,4066-1,1
10089,4067-1,1
10089,4068-1,1
10089,4069-1,1
10089,4070-1,1
10089,4071-1,1
10089,4072-1,1
10089,4073-1,1
10089,4074-1,1
10089,4075-1,1
10089,4076-1,1
10089,4077-1,1
10089,4078-1,1
10089,4079-1,1
10158,10020-1,1
10158,10022-1,1
10158,10025-1,1
10158,4515-1,1
10158,4520-1,2
10158,4548-1,1
10180,7285-1,1
10180,7741-1,1
10227,1475-1,1
10227,6526-1,1
10227,6679-1,1
10229,4695-1,1
10229,4750-1,1
10229,4751-1,1
10235,7507-1,1
10259,9471-1,1
10259,9474-1,1
10265,8512-1,1
10265,8514-1,1
10267,9615-1,1
10267,9630-1,1
10273,3302-1,1
10273,3303-1,1
10273,3305-1,2
10273,3306-1,1
10273,3317-1,2
10318,4601-1,1
10318,4605-1,1
10318,4609-1,1
10391,6336-1,1
10391,6516-1,1
10391,6614-1,1
10405,7422-1,1
10405,7423-1,1
10405,7424-1,1
10406,1740-1,1
10406,1741-1,1
10406,1742-1,1
10421,5969-1,1
10421,5970-1,1
10421,5971-1,1
10421,5972-1,1
10421,5973-1,1
10421,5974-1,1
10421,8399-1,1
10421,8400-1,1
10435,7235-1,1
10435,7245-1,1
10435,7743-1,1
10481,5836-1,1
10481,5837-1,1
10481,5838-1,1
10481,5850-1,1
10515,2882-1,1
10515,2884-1,1
10515,2886-1,1
10515,6407-1,1
10561,9488-1,1
10561,9489-1,1
10645,7133-1,1
10645,7143-1,1
10645,7146-1,1
10645,7153-1,1
10656,7736-1,1
10656,7737-1,1
10656,7738-1,1
10676,7913-1,1
10676,7914-1,1
10676,7957-1,1
10690,8580-1,2
10779,8614-1,1
10779,8615-1,1
10790,3731-1,2
10795,5370a-1,1
10795,5370b-1,1
10799,10176-1,1
10799,F6316-1,1
10806,8200-1,1
10806,8201-1,1
10806,8206-1,1
10837,1498-1,1
10837,1499-1,1
10850,8588-1,1
10850,8589-1,1
10850,8592-1,1
10921,4612-1,1
10921,4613-1,1
10921,4614-1,1
10976,9798-1,1
10976,9833-1,1
10993,1875-1,1
10993,1876-1,1
10993,1877-1,1
10995,1380-1,1
10995,1381-1,1
10995,1382-1,1
10995,1383-1,1
10997,5529-1,1
10997,6131-1,1
11043,8593-1,1
11043,8596-1,1
11050,7009-1,1
11050,7090-1,1
11050,7091-1,1
11050,7092-1,1
11050,7093-1,1
11050,7094-1,1
11053,70409-1,1
11053,70411-1,1
11075,9628-1,1
11075,9632-1,1
11115,4192-1,1
11115,4193-1,1
11116,8683-1,1
11116,8683-10,1
11116,8683-11,1
11116,8683-12,1
11116,8683-13,1
11116,8683-14,1
11116,8683-15,1
11116,8683-16,1
11116,8683-2,1
11116,8683-3,1
11116,8683-4,1
11116,8683-5,1
11116,8683-6,1
11116,8683-7,1
11116,8683-8,1
11116,8683-9,1
11143,71000-0,60
11175,1702-1,1
11175,1704-1,1
11190,71002-1,1
11190,71002-10,1
11190,71002-11,1
11190,71002-12,1
11190,71002-13,1
11190,71002-14,1
11190,71002-15,1
11190,71002-16,1
11190,71002-2,1
11190,71002-3,1
11190,71002-4,1
11190,71002-5,1
11190,71002-6,1
11190,71002-7,1
11190,71002-8,1
11190,71002-9,1
11194,8799-1,1
11194,8800-1,1
11253,4915-1,1
11253,4916-1,1
11253,4917-1,1
11253,4918-1,1
11269,8511-1,1
11269,8512-1,1
11269,8514-1,1
11304,7467-1,1
11304,7470-1,1
11304,7471-1,1
11325,3741-1,1
11325,3742-1,1
11325,3746-1,1
11344,4481-1,1
11344,4482-1,1
11344,7163-1,1
11380,8805-1,1
11380,8805-10,1
11380,8805-11,1
11380,8805-12,1
11380,8805-13,1
11380,8805-14,1
11380,8805-15,1
11380,8805-16,1
11380,8805-2,1
11380,8805-3,1
11380,8805-4,1
11380,8805-5,1
11380,8805-6,1
11380,8805-7,1
11380,8805-8,1
11380,8805-9,1
11384,3741-1,1
11384,3744-1,1
11418,1417-2,1
11436,8362-1,1
11436,8389-1,1
11476,8531-1,1
11476,8532-1,1
11476,8533-1,1
11476,8534-1,1
11476,8535-1,1
11476,8536-1,1
11476,8540-1,1
11476,8541-1,1
11476,8542-1,1
11491,7235-2,1
11491,7279-1,1
11491,7286-1,1
11491,7741-1,1
11550,8944-1,1
11550,8945-1,1
11550,8946-1,1
11550,8947-1,1
11550,8948-1,1
11550,8949-1,1
11551,8755-1,1
11551,8756-1,1
11551,8761-1,1
11554,6966-1,1
11554,7252-1,1
11554,7259-1,1
11605,8049-1,1
11605,8259-1,1
11605,8260-1,1
11605,8293-1,1
11608,4051-1,1
11608,4052-1,1
11608,4053-1,1
11759,60050-1,1
11759,60052-1,1
11759,7499-1,1
11759,7895-1,1
11767,6825-1,1
11767,6847-1,1
11767,6848-2,1
11784,71009-0,60
11786,7877-1,1
11786,7913-1,1
11786,7929-1,1
11855,7770-1,1
11855,7771-1,1
11855,7772-1,1
11855,7773-1,1
11855,7774-1,1
11855,7775-1,1
11855,7776-1,1
11861,7238-1,1
11861,7239-1,1
11861,7240-1,1
11861,7241-1,1
11879,7101-1,1
11879,7111-1,1
11879,7131-1,1
11935,7630-1,1
11935,7631-1,1
11935,7633-1,1
11935,7685-1,1
11966,344-1,1
11966,346-2,1
11966,347-1,1
11966,603-3,1
12000,2878-1,1
12068,8509-1,1
12068,8510-1,1
12068,8513-1,1
12110,7235-2,1
12110,7236-2,1
12110,7741-1,1
12110,7744-1,1
12113,8588-1,1
12113,8589-1,1
12113,8592-1,1
12121,10068-1,1
12121,10069-1,1
12121,10070-1,1
12121,10079-1,1
12121,10080-1,1
12137,1286-1,1
12137,1287-1,1
12137,1288-1,1
12137,1289-1,1
12146,1088-1,1
12146,1098-1,1
12146,6572-1,1
12193,4582-1,1
12193,4584-1,1
12222,75028-1,1
12222,75029-1,1
12222,75030-1,1
12273,3740-1,1
12273,3747-1,1
12307,7667-1,1
12307,7668-1,1
12307,8017-1,1
12322,41545-1,1
12322,41546-1,1
12322,41547-1,1
12344,8833-0,60
12346,8370-1,1
12346,8371-1,1
12437,8803-1,1
12437,8803-10,1
12437,8803-11,1
12437,8803-12,1
12437,8803-13,1
12437,8803-14,1
12437,8803-15,1
12437,8803-16,1
12437,8803-2,1
12437,8803-3,1
12437,8803-4,1
12437,8803-5,1
12437,8803-6,1
12437,8803-7,1
12437,8803-8,1
12437,8803-9,1
12445,8956-1,1
12445,8957-1,1
12445,8958-1,1
12445,8959-1,1
12445,8960-1,1
12445,8961-1,1
12465,1871-1,1
12465,1872-1,1
12465,1873-1,1
12590,5573-1,1
12590,5576-1,1
12669,7111-1,1
12669,7121-1,1
12692,9847-1,1
12748,75031-1,1
12748,75032-1,1
12748,75033-1,1
12759,7101-1,1
12759,7111-1,1
12759,7171-1,1
12789,2585-1,1
12813,75015-1,1
12813,75035-1,1
12813,75043-1,1
12830,8784-1,1
12830,8785-1,1
12836,4108-1,1
12836,4109-1,2
12836,4110-1,1
12836,4111-1,1
12856,1417-1,1
12856,1418-1,1
12856,1419-1,1
12856,1420-1,1
12907,6719-1,1
12907,6720-1,1
12907,6721-1,1
12907,6722-1,1
12955,7130-1,1
12955,7150-1,1
12999,3302-1,1
12999,3303-1,1
12999,3304-1,2
12999,3305-1,2
12999,3306-1,1
13073,6762-1,1
13073,6763-1,1
13073,6764-1,1
13083,10020-1,2
13083,10022-1,3
13083,10025-1,2
13141,8733-1,1
13141,8734-1,1
13141,8764-1,1
13153,3741-1,1
13153,3747-1,1
13224,20004-1,1
13238,8560-1,1
13238,8561-1,1
13238,8562-1,1
13254,8259-1,1
13254,8290-1,1
13254,8293-1,1
13254,8294-1,1
13269,7142-1,1
13269,7152-1,1
13286,7110-1,1
13286,7144-1,1
13355,7235-1,1
13355,7236-1,1
13355,7245-1,1
13355,7890-1,1
13355,7902-1,1
13355,7903-1,1
13370,7891-1,1
13370,7893-1,1
13370,7894-1,1
13370,7901-1,1
13380,1246-1,1
13380,1247-1,1
13380,1248-1,1
13380,1249-1,1
13380,1250-1,1
13380,1251-1,1
13398,7890-1,1
13398,7892-1,1
13398,7902-1,1
13398,7903-1,1
13412,4415-1,1
13412,4416-1,1
13412,4417-1,1
13412,4418-1,1
13423,8583-1,1
13423,8584-1,1
13427,6611-1,1
13427,6628-1,1
13427,6629-1,1
13447,8827-0,60
13450,7467-1,1
13450,7468-1,1
13450,7469-1,1
13450,7470-1,1
13450,7471-1,1
13480,71002-0,60
13538,8727-1,1
13538,8728-1,1
13538,8729-1,1
13538,8730-1,1
13538,8731-1,1
13538,8732-1,1
13576,8509-1,1
13576,8510-1,1
13576,8511-1,1
13576,8512-1,1
13576,8513-1,1
13576,8514-1,1
13603,8683-0,60
13617,7620-1,1
13617,7621-1,1
13617,7622-1,1
13617,7623-1,1
13661,7895-1,1
13661,7896-1,2
13696,7241-1,1
13696,7246-1,1
13883,4492-1,1
13883,4494-1,1
13883,7256-1,1
13906,8922-1,1
13906,8923-1,1
13906,8924-1,1
13907,8602-1,1
13907,8603-1,1
13907,8606-1,1
13917,10013-1,1
13917,10017-1,1
13917,10153-1,1
13917,3741-1,1
13917,3742-1,1
13917,3743-1,1
13917,4515-2,1
13917,4520-2,2
13917,4548-1,1
13941,10001-1,1
13941,10002-1,1
13960,8900-1,1
13960,8901-1,1
13960,8902-1,1
13960,8903-1,1
13960,8904-1,1
13960,8905-1,1
13992,71007-0,60
14011,4436-1,1
14011,7235-2,1
14011,7279-1,1
14011,7498-1,1
14079,1274-1,1
14079,1275-1,1
14079,1276-1,1
14079,1277-1,1
14096,2258-1,1
14096,2259-1,1
14096,2519-1,1
14127,8667-1,1
14127,8670-1,1
14152,6216-1,1
14152,6293-1,1
14154,7895-1,1
14154,7896-1,1
14154,7937-1,1
14154,7939-1,1
14174,1990-1,1
14174,1991-1,1
14174,1992-1,1
14198,1431-1,1
14198,8588-1,1
14198,8589-1,1
14198,8592-1,1
14222,10121-1,2
14222,3433-1,1
14233,7654-1,1
14233,7670-1,1
14247,7803-1,4
14247,7808-1,4
14248,7914-1,1
14248,9488-1,1
14248,9491-1,1
14276,8007-1,1
14276,8009-1,1
14277,3403-1,1
14277,3418-1,1
14277,3419-1,1
14280,8733-1,1
14280,8734-1,1
14280,8764-1,1
14297,8509-1,1
14297,8511-1,1
14297,8512-1,1
14297,8513-1,1
14328,7895-1,1
14328,7896-1,1
14328,7898-1,1
14328,7997-1,1
14390,6452-1,1
14390,6458-1,1
14390,6465-1,1
14418,2878-1,1
14426,5000062-1,1
14442,71011-1,1
14442,71011-10,1
14442,71011-11,1
14442,71011-12,1
14442,71011-13,1
14442,71011-14,1
14442,71011-15,1
14442,71011-16,1
14442,71011-2,1
14442,71011-3,1
14442,71011-4,1
14442,71011-5,1
14442,71011-6,1
14442,71011-7,1
14442,71011-8,1
14442,71011-9,1
14465,8383-1,1
14465,8385-1,1
14493,6633-1,1
14493,6653-1,1
14493,6656-1,1
14495,7749-1,1
14495,8083-1,1
14495,8089-1,1
14498,851097,1
14498,8736-1,1
14498,8738-1,1
14498,8740-1,1
14508,71011-0,60
14524,8550-1,1
14524,8553-1,1
14524,8554-1,1
14524,8562-1,1
14568,8201-1,1
14568,9478-1,1
14568,9485-1,1
14711,2535-1,1
14711,2536-1,1
14711,2537-1,1
14711,2538-1,1
14711,2539-1,1
14711,2540-1,1
14711,2541-1,1
14711,2542-1,1
14711,2543-1,1
14711,2544-1,1
14790,851441,1
14790,8742-1,1
14790,8756-1,1
14812,10024-1,1
14812,10124-1,1
14812,3451-1,1
14822,4475-1,1
14822,4476-1,1
14822,4480-1,1
14849,3302-1,1
14849,3303-1,1
14849,3305-1,2
14849,3306-1,1
14849,3318-1,2
14919,2882-1,1
14919,2884-1,1
14919,2886-1,1
14919,6407-1,1
14921,4600-1,1
14921,4604-1,1
14921,4608-1,1
14921,4611-1,1
14931,7895-1,1
14931,7896-1,1
14931,7898-1,1
14931,7997-1,1
14942,3740-1,1
14942,3742-1,1
14942,3747-1,1
14954,7409-1,1
14954,7412-1,1
14954,7415-1,1
14954,7417-1,1
14997,8805-0,60
14999,8647-1,1
14999,8648-1,1
15010,3000-1,1
15010,3001-1,1
15010,3003-1,1
15010,3005-1,1
15019,7200-1,1
15019,7201-1,1
15019,7203-1,1
15019,7204-1,1
15033,1620-1,1
15033,1621-1,1
15060,8685-1,1
15060,8686-1,1
15060,8687-1,1
15060,8691-1,1
15060,8692-1,1
15060,8693-1,1
15080,4016-1,1
15080,4017-1,1
15080,4018-1,1
15080,4019-1,1
15164,4515-1,2
15164,4519-1,1
15164,4520-1,2
15164,4531-1,1
15192,7239-1,1
15192,7245-1,1
15192,7638-1,1
15192,8401-1,1
15224,2192-1,1
15224,2193-1,1
15224,2194-1,1
15224,2235-1,1
15238,20201-1,1
15238,20202-1,1
15238,20203-1,1
15238,20204-1,1
15238,20205-1,1
15260,4186868-1,1
15260,4186875-1,1
15260,4186876-1,1
15304,8688-1,1
15304,8689-1,1
15304,8690-1,1
15304,8694-1,1
15304,8695-1,1
15304,8696-1,1
15449,2878-1,1
15519,6205-1,1
15519,7252-1,1
15519,7256-1,1
15560,1188-1,1
15560,1189-1,1
15560,1190-1,1
15560,1191-1,1
15594,8509-1,1
15594,8510-1,1
15594,8511-1,1
15594,8512-1,1
15594,8513-1,1
15594,8514-1,1
15631,41527-1,1
15631,41528-1,1
15631,41529-1,1
15694,7238-1,1
15694,7239-1,1
15694,7241-1,1
15694,7942-1,1
15694,7945-1,1
15718,7131-1,1
15718,7151-1,1
15733,8755-1,1
15733,8756-1,1
15733,8761-1,1
15744,8111-1,1
15744,8112-1,1
15744,8113-1,1
15744,8114-1,1
15744,8115-1,1
15776,8736-1,1
15776,8737-1,1
15776,8738-1,1
15776,8739-1,1
15776,8740-1,1
15776,8741-1,1
15951,4816-1,1
15951,4817-1,1
15951,4818-1,1
15951,4819-1,1
15955,7770-1,1
15955,7771-1,1
15955,7772-1,1
15955,7773-1,1
15955,7774-1,1
15955,7775-1,1
15973,10068-1,1
15973,10069-1,1
15973,10070-1,1
15980,7246-1,1
15980,7248-1,1
15980,7905-1,1
15980,7990-1,1
15990,llca21-1,1
15990,llca22-1,1
15990,llca23-1,1
16023,7733-1,1
16023,7734-1,1
16023,7992-1,1
16029,6581-1,1
16029,6596-1,1
16034,7731-1,1
16034,7732-1,1
16034,7733-1,1
16034,7734-1,1
16070,322-1,1
16102,8057-1,1
16102,8058-1,1
16102,8059-1,1
16102,8080-1,1
16117,8621-1,1
16117,8622-1,1
16117,8623-1,1
16126,8550-1,1
16126,8551-1,1
16126,8552-1,1
16126,8553-1,1
16126,8554-1,1
16126,8555-1,1
16126,8560-1,1
16126,8561-1,1
16126,8562-1,1
16126,8563-1,1
16126,8564-1,1
16126,8565-1,1
16127,10024-1,1
16127,3451-1,1
16131,1496-1,1
16131,1497-1,1
16138,3074-1,1
16138,3075-1,1
16138,3076-1,1
16138,3077-1,1
16150,3885-2,1
16159,5969-1,1
16159,5970-1,1
16159,5972-1,1
16159,5973-1,1
16159,8400-1,1
16180,9469-1,1
16180,9470-1,1
16180,9471-1,1
16180,9472-1,1
16180,9473-1,1
16180,9474-1,1
16180,9476-1,1
16210,1790-1,1
16210,1791-1,1
16210,1792-1,1
16226,3741-1,1
16226,3743-1,1
16254,6235-1,1
16254,6245-1,1
16319,20201-1,1
16319,20202-1,1
16337,8083-1,1
16337,8084-1,1
16337,8092-1,1
16371,4855-1,1
16371,4856-1,1
16371,4857-1,1
16423,71013-1,1
16423,71013-10,1
16423,71013-11,1
16423,71013-12,1
16423,71013-13,1
16423,71013-14,1
16423,71013-15,1
16423,71013-16,1
16423,71013-2,1
16423,71013-3,1
16423,71013-4,1
16423,71013-5,1
16423,71013-6,1
16423,71013-7,1
16423,71013-8,1
16423,71013-9,1
16460,71012-1,1
16460,71012-10,1
16460,71012-11,1
16460,71012-12,1
16460,71012-13,1
16460,71012-14,1
16460,71012-15,1
16460,71012-16,1
16460,71012-17,1
16460,71012-18,1
16460,71012-2,1
16460,71012-3,1
16460,71012-4,1
16460,71012-5,1
16460,71012-6,1
16460,71012-7,1
16460,71012-8,1
16460,71012-9,1
16593,71014-1,1
16593,71014-10,1
16593,71014-11,1
16593,71014-12,1
16593,71014-13,1
16593,71014-14,1
16593,71014-15,1
16593,71014-16,1
16593,71014-2,1
16593,71014-3,1
16593,71014-4,1
16593,71014-5,1
16593,71014-6,1
16593,71014-7,1
16593,71014-8,1
16593,71014-9,1
16594,71017-1,1
16594,71017-10,1
16594,71017-11,1
16594,71017-12,1
16594,71017-13,1
16594,71017-14,1
16594,71017-15,1
16594,71017-16,1
16594,71017-17,1
16594,71017-18,1
16594,71017-19,1
16594,71017-2,1
16594,71017-20,2
16594,71017-3,1
16594,71017-4,1
16594,71017-5,1
16594,71017-6,1
16594,71017-7,1
16594,71017-8,1
16594,71017-9,1
18701,71018-1,1
18701,71018-10,1
18701,71018-11,1
18701,71018-12,1
18701,71018-13,1
18701,71018-14,1
18701,71018-15,1
18701,71018-16,1
18701,71018-2,1
18701,71018-3,1
18701,71018-4,1
18701,71018-5,1
18701,71018-6,1
18701,71018-7,1
18701,71018-8,1
18701,71018-9,1
20344,41305-1,1
20344,41306-1,1
20344,41307-1,1
20344,41308-1,1
20344,41309-1,1
20976,60136-1,1
20976,60137-1,1
20976,60138-1,1
21129,70900-1,1
21129,70903-1,1
21131,75164-1,1
21131,75165-1,1
21160,60100-1,1
21160,60106-1,1
21160,60136-1,1
21160,60157-1,1
21160,60163-1,1
21161,75166-1,1
21161,75167-1,1
21162,60073-1,1
21162,60074-1,1
21162,60076-1,1
21163,60090-1,1
21163,60091-1,1
21163,60092-1,1
21163,60093-1,1
21164,41110-1,1
21164,41111-1,1
21164,41112-1,1
21170,41110-1,1
21170,41116-1,1
21170,41119-1,1
21171,60121-1,1
21171,60122-1,1
21171,60123-1,1
21173,60105-1,1
21173,60106-1,1
21173,60107-1,1
21174,75125-1,1
21174,75127-1,1
21174,75130-1,1
21175,41091-1,1
21175,41095-1,1
21175,41103-1,1
21323,10506-1,1
21323,10507-1,1
21323,10522-1,1
21324,10506-1,1
21324,10508-1,1
21324,10601-1,1
21393,10521-1,1
21393,10522-1,1
21393,10525-1,1
21394,75073-1,1
21394,75074-1,1
21394,75077-1,1
21395,75072-1,1
21395,75075-1,1
21395,75076-1,1
21396,60001-1,1
21396,60011-1,1
21396,60043-1,1
21397,41026-1,1
21397,41027-1,1
21397,41029-1,1
21399,60000-1,1
21399,60001-1,1
21399,60003-1,1
21399,60010-1,1
21401,41004-1,1
21401,41005-1,1
21401,41013-1,1
21402,75002-1,1
21402,75004-1,1
21402,75012-1,1
21403,44000-1,1
21403,44001-1,1
21404,75015-1,1
21404,75016-1,1
21404,75019-1,1
21405,70005-1,1
21405,70009-1,1
21406,60003-1,1
21406,60007-1,1
21406,60013-1,1
21407,44010-1,1
21407,44011-1,1
21408,44008-1,1
21408,44009-1,1
21409,44001-1,1
21409,44004-1,1
21409,44007-1,1
21410,44001-1,1
21410,44006-1,1
21410,44007-1,1
21411,44001-1,1
21411,44003-1,1
21411,44007-1,1
21412,44012-1,1
21412,44013-1,1
21413,41017-1,1
21413,41018-1,1
21413,41019-1,1
21413,41020-1,1
21413,41021-1,1
21413,41022-1,1
21413,41023-1,1
21413,41024-1,1
21413,41025-1,1
21414,70200-1,1
21414,70201-1,1
21415,70202-1,1
21415,70205-1,1
21416,70203-1,1
21416,70204-1,1
21428,5679-1,1
21428,5680-1,1
21428,5681-1,1
21430,2063-1,1
21430,2142-1,1
21431,2068-1,1
21431,2141-1,1
21432,5643-1,1
21432,5644-1,1
21432,5645-1,1
21432,5646-1,1
21601,71020-0,60
23231,71021-1,1
23231,71021-10,1
23231,71021-11,1
23231,71021-12,1
23231,71021-13,1
23231,71021-14,1
23231,71021-15,1
23231,71021-16,1
23231,71021-17,1
23231,71021-2,1
23231,71021-3,1
23231,71021-4,1
23231,71021-5,1
23231,71021-6,1
23231,71021-7,1
23231,71021-8,1
23231,71021-9,1
23232,71021-0,60
23385,10706-1,1
23385,10707-1,1
23385,10708-1,1
23385,10709-1,1
24377,451-1,1
24377,452-2,1
24377,453-2,1
24377,454-2,1
24377,455-2,1
24377,456-2,1
24377,457-1,1
24377,458-1,1
24377,459-1,1
24377,460-2,1
24732,001-1,1
24732,285-1,1
24920,7331-1,1
24920,7332-1,1
24921,3274-1,1
24921,3278-1,1
24921,3281-1,1
24922,3272-1,1
24922,3273-1,1
24922,3278-1,1
24922,3279-1,1
24922,3281-1,1
24922,3282-1,1
24922,3283-1,1
24923,3279-1,1
24923,3281-1,1
24923,3283-1,1
24973,3774-1,1
24973,5554-1,1
25007,2735-1,3
25007,5552-1,1
25007,5556-1,1
25510,41775-1,1
25510,41775-10,1
25510,41775-11,1
25510,41775-12,1
25510,41775-2,1
25510,41775-3,1
25510,41775-4,1
25510,41775-5,1
25510,41775-6,1
25510,41775-7,1
25510,41775-8,1
25510,41775-9,1
25511,41775-0,60
25699,4976-1,1
25699,4987-1,1
25699,4988-1,1
25700,4976-1,1
25700,4986-1,1
25700,4987-1,1
25701,2734-1,1
25701,3774-1,1
25701,5608-1,1
25702,2734-1,1
25702,3774-1,1
25702,5608-1,1
25703,3300-1,1
25703,3301-1,1
25703,3352-1,1
25703,3354-1,1
25703,5552-1,1
25703,5554-1,1
25703,5555-1,1
25703,5556-1,1
25704,3300-1,1
25704,3301-1,1
25704,5552-1,1
25704,5554-1,1
25704,5555-1,1
25704,5556-1,1
26185,71019-1,1
26185,71019-10,1
26185,71019-11,1
26185,71019-12,1
26185,71019-13,1
26185,71019-14,1
26185,71019-15,1
26185,71019-16,1
26185,71019-17,1
26185,71019-18,1
26185,71019-19,1
26185,71019-2,1
26185,71019-20,1
26185,71019-3,1
26185,71019-4,1
26185,71019-5,1
26185,71019-6,1
26185,71019-7,1
26185,71019-8,1
26185,71019-9,1
26188,71020-1,1
26188,71020-10,1
26188,71020-11,1
26188,71020-12,1
26188,71020-13,1
26188,71020-14,1
26188,71020-15,1
26188,71020-16,1
26188,71020-17,1
26188,71020-18,1
26188,71020-19,1
26188,71020-2,1
26188,71020-20,1
26188,71020-3,1
26188,71020-4,1
26188,71020-5,1
26188,71020-6,1
26188,71020-7,1
26188,71020-8,1
26188,71020-9,1
26232,10605-1,1
26232,10606-1,1
26236,5606-1,1
26236,5633-1,1
26236,5634-1,1
26237,4962-1,1
26237,4972-1,1
26237,5632-1,1
26237,5635-1,1
26238,4962-1,1
26238,6172-1,1
26238,6173-1,1
26306,5645-1,1
26306,5647-1,1
26306,5649-1,1
26307,5644-1,1
26307,5646-1,1
26307,5649-1,1
26308,4683-1,1
26308,4969-1,1
26308,4973-1,1
26308,4975-1,1
26309,4665-1,1
26309,4687-1,1
26309,4975-1,1
26437,4963-1,1
26437,4979-1,1
26437,5602-1,1
26724,71022-1,1
26724,71022-10,1
26724,71022-11,1
26724,71022-12,1
26724,71022-13,1
26724,71022-14,1
26724,71022-15,1
26724,71022-16,1
26724,71022-17,1
26724,71022-18,1
26724,71022-19,1
26724,71022-2,1
26724,71022-20,1
26724,71022-21,1
26724,71022-22,1
26724,71022-3,1
26724,71022-4,1
26724,71022-5,1
26724,71022-6,1
26724,71022-7,1
26724,71022-8,1
26724,71022-9,1
26853,10581-1,1
26853,10582-1,1
26853,10584-1,1
27003,1503-1,1
27003,1504-2,1
27588,5514-1,1
27588,5536-1,1
27630,5002887-2,1
27630,5002888-2,1
27646,5509-1,1
27646,6130-1,1
27647,5572-1,1
27647,5575-1,1
27742,11910-1,1
27927,5572-1,1
27927,5575-1,1
28285,5572-1,1
28285,5575-1,1
28639,60053-1,1
28639,60055-1,1
28639,60060-1,1
28642,75109-1,1
28642,75112-1,1
28643,75110-1,1
28643,75111-1,1
29100,45009-1,1
29100,45010-1,1
29100,45018-1,1
29100,45019-1,1
29109,2242-1,1
29109,5492-1,1
29163,45000-1,1
29163,45001-1,1
29163,45011-1,1
29163,9090-1,1
29164,45006-1,1
29164,45010-1,1
29164,45021-1,1
29165,2751-2,3
29165,2751-3,3
29165,2751-4,3
29165,2751-5,3
29216,45007-1,1
29216,45012-1,1
29216,9090-1,1
29217,9656-1,1
30235,45002-1,1
30235,45006-1,1
30235,45010-1,1
30236,45000-1,1
30236,45001-1,1
30236,45011-1,1
30236,9090-1,1
30237,45000-1,1
30237,9090-1,1
30238,9027-1,1
30238,9071-1,1
30238,9076-1,1
30238,9230-1,1
30239,45000-1,1
30239,45080-1,1
30239,9090-1,1
30243,9656-1,1
30244,9656-1,1
30510,70135-1,1
30510,70141-1,2
30510,70142-1,1
30510,70143-1,1
30510,70144-1,1
30510,70145-1,2
30510,70146-1,1
30510,70147-1,1
30510,70220-1,1
30510,70221-1,1
30510,70222-1,1
30510,70223-1,1
30510,70224-1,1
30510,70225-1,1
30510,70226-1,1
30510,70227-1,1
30510,70228-1,1
30510,70229-1,2
30510,70230-1,2
30510,70231-1,1
30510,70232-1,1
30561,75206-1,1
30561,75207-1,1
30949,75197-1,1
30949,75198-1,1
31211,QUATRO-1,1
31861,71023-0,60
32338,71023-1,1
32338,71023-10,1
32338,71023-11,1
32338,71023-12,1
32338,71023-13,1
32338,71023-14,1
32338,71023-15,1
32338,71023-16,1
32338,71023-17,1
32338,71023-18,1
32338,71023-19,1
32338,71023-2,1
32338,71023-20,1
32338,71023-3,1
32338,71023-4,1
32338,71023-5,1
32338,71023-6,1
32338,71023-7,1
32338,71023-8,1
32338,71023-9,1
32757,2751-2,1
32757,2751-3,1
32757,2751-4,1
32757,2751-5,1
32763,9027-1,1
32763,9071-1,1
32763,9076-1,1
32763,9079-1,1
32763,9230-1,1
32764,45000-1,1
32764,9222-1,1
32765,9090-1,1
33995,9055-1,1
33995,9920-1,2
33997,9180-1,1
33997,9181-1,1
33998,9171-1,1
33999,9190-1,1
33999,9192-1,1
34099,71024-0,60
34449,31071-1,1
34449,31072-1,1
34450,60170-1,1
34450,60171-1,1
35025,71024-1,1
35025,71024-10,1
35025,71024-11,1
35025,71024-12,1
35025,71024-13,1
35025,71024-14,1
35025,71024-15,1
35025,71024-16,1
35025,71024-17,1
35025,71024-18,1
35025,71024-2,1
35025,71024-3,1
35025,71024-4,1
35025,71024-5,1
35025,71024-6,1
35025,71024-7,1
35025,71024-8,1
35025,71024-9,1
35139,71012-0,60
35378,3857-1,1
35378,3858-1,1
35378,3859-1,1
35378,3860-1,1
35378,4648939-1,1
35734,1069-1,1
35734,1099-1,1
35734,4222-1,1
35734,4930-1,1
35734,6706-1,1
35807,1958-2,1
35807,1959-2,1
35810,2345-1,1
35810,2411-1,1
35860,60219-1,1
35860,60223-1,1
36618,41606-1,1
36618,41607-1,1
37145,2024-1,1
37145,2054-1,1
37145,2070-1,1
38028,71025-0,60
38380,21102-1,1
38380,21105-1,1
38380,21106-1,1
38380,21107-1,1
39710,71025-1,1
39710,71025-10,1
39710,71025-11,1
39710,71025-12,1
39710,71025-13,1
39710,71025-14,1
39710,71025-15,1
39710,71025-16,1
39710,71025-2,1
39710,71025-3,1
39710,71025-4,1
39710,71025-5,1
39710,71025-6,1
39710,71025-7,1
39710,71025-8,1
39710,71025-9,1
41809,11926-1,1
42398,10717-1,1
42398,853967-1,1
42402,5005375-1,1
42402,71025-0,20
42402,853967-1,1
42403,5005398-1,1
42403,5005906-1,1
42403,853910-1,1
42403,853967-1,1
42407,40301731-1,1
42407,5004279-1,1
42407,5004898-1,1
42816,60218-1,1
42816,60219-1,1
42816,60231-1,1
42831,60207-1,1
42831,60212-1,1
42831,60239-1,1
42832,41335-1,1
42832,41383-1,1
42832,41385-1,1
43617,71026-1,3
43617,71026-10,3
43617,71026-11,3
43617,71026-12,4
43617,71026-13,5
43617,71026-14,3
43617,71026-15,5
43617,71026-16,3
43617,71026-2,4
43617,71026-3,5
43617,71026-4,4
43617,71026-5,3
43617,71026-6,4
43617,71026-7,4
43617,71026-8,4
43617,71026-9,3
43618,71026-1,1
43618,71026-10,1
43618,71026-11,1
43618,71026-12,1
43618,71026-13,1
43618,71026-14,1
43618,71026-15,1
43618,71026-16,1
43618,71026-2,1
43618,71026-3,1
43618,71026-4,1
43618,71026-5,1
43618,71026-6,1
43618,71026-7,1
43618,71026-8,1
43618,71026-9,1
43650,71026-0,60
43681,45002-1,2
43681,45005-1,2
43681,45018-1,2
43681,45024-1,2
43681,45025-1,2
43681,9840-1,2
43719,45300-1,1
43719,5004838-1,1
43720,2000715-1,1
43720,45300-1,4
43720,5004838-1,4
43721,2000715-1,4
43721,45300-1,12
43721,5004838-1,12
43840,60177-1,1
43840,60178-1,1
43862,30617-1,1
43864,30617-1,1
43974,75900-1,1
43974,75901-1,1
43974,75902-1,1
43974,75903-1,1
43974,75904-1,1
43974,SDMYSTERYGANG-1,1
44262,6317941-1,1
44262,6317942-1,1
44262,80104-1,1
44262,80105-1,1
44343,8310-1,1
44343,8311-1,1
44598,71014-0,60
46148,9081-1,1
46148,9085-1,1
46714,75126-1,1
46714,75128-1,1
46714,75129-1,1
47910,3194-1,2
49630,71027-1,3
49630,71027-10,4
49630,71027-11,3
49630,71027-12,5
49630,71027-13,4
49630,71027-14,3
49630,71027-15,3
49630,71027-16,4
49630,71027-2,3
49630,71027-3,4
49630,71027-4,5
49630,71027-5,4
49630,71027-6,4
49630,71027-7,3
49630,71027-8,3
49630,71027-9,5
49677,71027-1,1
49677,71027-10,1
49677,71027-11,1
49677,71027-12,1
49677,71027-13,1
49677,71027-14,1
49677,71027-15,1
49677,71027-16,1
49677,71027-2,1
49677,71027-3,1
49677,71027-4,1
49677,71027-5,1
49677,71027-6,1
49677,71027-7,1
49677,71027-8,1
49677,71027-9,1
50665,70736-1,1
50665,70738-1,1
54703,5002887-1,1
54703,9780756656232-2,1
61767,41077-1,1
61767,41078-1,1
65362,45544-1,1
65362,45560-1,1
69977,10060-1,1
69977,10145-1,1
69977,3458-1,1
69977,3462-1,1
70292,71361-1,1
70292,71361-10,1
70292,71361-2,1
70292,71361-3,1
70292,71361-4,1
70292,71361-5,1
70292,71361-6,1
70292,71361-7,1
70292,71361-8,1
70292,71361-9,1
70295,71361-1,2
70295,71361-10,2
70295,71361-2,2
70295,71361-3,2
70295,71361-4,2
70295,71361-5,2
70295,71361-6,2
70295,71361-7,2
70295,71361-8,2
70295,71361-9,2
70831,71361-0,20
72217,76140-1,1
72217,76141-1,1
72217,76146-1,1
72222,71028-0,60
72223,71028-1,1
72223,71028-10,1
72223,71028-11,1
72223,71028-12,1
72223,71028-13,1
72223,71028-14,1
72223,71028-15,1
72223,71028-16,1
72223,71028-2,1
72223,71028-3,1
72223,71028-4,1
72223,71028-5,1
72223,71028-6,1
72223,71028-7,1
72223,71028-8,1
72223,71028-9,1
72630,71001-1,1
72630,71001-10,1
72630,71001-11,1
72630,71001-12,1
72630,71001-13,1
72630,71001-14,1
72630,71001-15,1
72630,71001-16,1
72630,71001-2,1
72630,71001-3,1
72630,71001-4,1
72630,71001-5,1
72630,71001-6,1
72630,71001-7,1
72630,71001-8,1
72630,71001-9,1
73585,41608-1,1
73585,41609-1,1
73586,41451-1,1
73586,41452-1,1
74937,30541-1,1
74956,30381-1,1
76670,60207-1,1
76670,60213-1,1
76670,60219-1,1
76876,75973-1,1
76876,OWIK-2,1
77814,60247-1,1
77814,60250-1,1
77815,60224-1,1
77815,60225-1,1
77816,21140-1,1
77816,21145-1,1
77817,75890-1,1
77817,75891-1,1
77818,41900-1,1
77818,41902-1,1
77818,41905-1,1
77818,41908-1,1
77963,30364-1,1
77976,30571-1,1
79504,71386-1,1
79504,71386-10,1
79504,71386-2,1
79504,71386-3,1
79504,71386-4,1
79504,71386-5,1
79504,71386-6,1
79504,71386-7,1
79504,71386-8,1
79504,71386-9,1
80924,71386-0,20
81986,11926-1,1
82555,71013-0,60
82558,71025-0,30
82965,60250-1,1
82965,60251-1,1
83246,71029-1,1
83246,71029-10,1
83246,71029-11,1
83246,71029-12,1
83246,71029-2,1
83246,71029-3,1
83246,71029-4,1
83246,71029-5,1
83246,71029-6,1
83246,71029-7,1
83246,71029-8,1
83246,71029-9,1
83247,71029-0,36
84230,2000471-1,24
84230,45401-1,12
84231,2000470-1,24
84231,45400-1,12
85961,71029-0,6
86879,40357-1,1
86879,PE770441-1,1
87120,60247-1,1
87120,60249-1,1
87431,4186868-1,1
87431,4186870-1,1
87431,4186872-1,1
87431,4186874-1,1
87431,4186875-1,1
87445,10715-1,1
87445,60180-1,1
87445,60218-1,1
87522,70628-1,1
87522,70633-1,1
87522,70634-1,1
87522,70635-1,1
87522,853760-1,1
87523,41330-1,1
87523,41335-1,1
87523,853775-1,1
87524,60171-1,1
87524,60172-1,1
87524,60176-1,1
88083,40176-1,1
88083,40298-1,1
88083,5001621-1,1
88083,5002938-1,1
88083,5002947-1,1
